start_idx,achieved_ll,elapsed_time,success,message,num_iter,start_theta,opt_theta,opt_beta,opt_mu_prob
37,-3253.32211224493,4.221875905990601,True,CONVERGENCE: RELATIVE REDUCTION OF F <= FACTR*EPSMCH,135,"[ 9.39630233  9.69156163 -4.23543509  4.68506995  4.99967076 -3.07014277
 -7.5226045  -9.18106079  5.54686255 -0.20600516  9.71080339 -0.69053088
  9.55833958 -1.76847996  5.87364301 -8.30361455  1.1092342 ]","[ 9.39582825  9.69162205 -4.23575578  4.62375969  4.99913686 -3.07014778
 -7.52260942 -9.18152185  6.5873102  -0.70324308  1.17120838 -0.03018891
  2.18138296 -4.18263461  4.34025382 -2.55369351  1.76223547]","[[ 9.39582825  6.5873102 ]
 [ 9.69162205 -0.70324308]
 [-4.23575578  1.17120838]
 [ 4.62375969 -0.03018891]
 [ 4.99913686  2.18138296]
 [-3.07014778 -4.18263461]
 [-7.52260942  4.34025382]
 [-9.18152185 -2.55369351]]",[0.14651058 0.85348942]
40,-3254.7189123083754,5.189807891845703,True,CONVERGENCE: RELATIVE REDUCTION OF F <= FACTR*EPSMCH,354,"[-8.30376818 -3.16146123  4.35278295  6.15863212  9.9748674  -4.07275886
 -1.84116098 -7.26357444  1.49743859  9.95160075  4.0176202   1.91425681
 -2.15261814  8.30597521 -0.06166808 -7.31266173 -2.69243074]","[-8.30376818 -3.16146123  4.35278295  6.15863212  9.9748674  -4.07275886
 -1.84116098 -7.26357444  5.18090795 -0.70807975  1.1750657  -0.03015204
  2.18416259 -4.23542915  8.71511779 -1.16256667  1.76684878]","[[-8.30376818  5.18090795]
 [-3.16146123 -0.70807975]
 [ 4.35278295  1.1750657 ]
 [ 6.15863212 -0.03015204]
 [ 9.9748674   2.18416259]
 [-4.07275886 -4.23542915]
 [-1.84116098  8.71511779]
 [-7.26357444 -1.16256667]]",[0.14593465 0.85406535]
1,-3254.9754626066733,5.01973295211792,True,CONVERGENCE: RELATIVE REDUCTION OF F <= FACTR*EPSMCH,295,"[ 5.47912097 -1.2224312   7.1719584   3.95736058 -8.11645304  9.51244703
  5.22279404  5.72128611 -7.43772735 -0.99228124 -2.58403952  8.54529978
  2.8773024   6.45523227 -1.13171602 -5.45522556  1.09169574]","[ 5.37792708 -0.70399521  1.17530845 -0.03016833  2.17261195 -5.39786659
  9.88856945 -1.35054437 -7.43772735 -0.99228124 -2.58403952  8.54529978
  2.8773024   6.45523227 -1.13171602 -5.45522556 -1.77348726]","[[ 5.37792708 -7.43772735]
 [-0.70399521 -0.99228124]
 [ 1.17530845 -2.58403952]
 [-0.03016833  8.54529978]
 [ 2.17261195  2.8773024 ]
 [-5.39786659  6.45523227]
 [ 9.88856945 -1.13171602]
 [-1.35054437 -5.45522556]]",[0.85489081 0.14510919]
36,-3255.04503301356,4.267819166183472,True,CONVERGENCE: RELATIVE REDUCTION OF F <= FACTR*EPSMCH,192,"[-4.43955787  4.06066931  2.67539546  9.64611895  2.40715419 -0.44988253
  5.22865126  8.06655744  4.41391893  9.26422447  5.64010341  7.34602877
 -7.71791858  4.64827006 -1.19822601  1.06207605  3.08204819]","[-4.43955787  4.06066931  2.67539546  9.64611895  2.40715419 -0.44988253
  5.22865126  8.06655744  4.97750848 -0.7032708   1.17935352 -0.03004197
  2.1816098  -3.73170339  8.63187943 -0.97095254  1.77887154]","[[-4.43955787  4.97750848]
 [ 4.06066931 -0.7032708 ]
 [ 2.67539546  1.17935352]
 [ 9.64611895 -0.03004197]
 [ 2.40715419  2.1816098 ]
 [-0.44988253 -3.73170339]
 [ 5.22865126  8.63187943]
 [ 8.06655744 -0.97095254]]",[0.14444253 0.85555747]
25,-3256.907644314244,4.2669878005981445,True,CONVERGENCE: RELATIVE REDUCTION OF F <= FACTR*EPSMCH,154,"[-7.87160936  9.98209461  3.31369472  3.01250031 -8.19118546  7.94066798
 -9.42000994 -5.18343884 -7.1395625   5.53535881 -6.03591546  8.22276454
  3.12538079 -9.27674579 -9.89140332 -8.96684166  2.11850355]","[  4.06578695  -0.56547697   1.35266753  -0.01445948   1.99644169
  -6.92125295  -6.93128451  -1.50037419  -7.1395625    5.53535881
  -6.03591546   8.22276454   3.12538079  -9.27674579  -9.89140332
  -8.96684166 -10.25257249]","[[ 4.06578695 -7.1395625 ]
 [-0.56547697  5.53535881]
 [ 1.35266753 -6.03591546]
 [-0.01445948  8.22276454]
 [ 1.99644169  3.12538079]
 [-6.92125295 -9.27674579]
 [-6.93128451 -9.89140332]
 [-1.50037419 -8.96684166]]",[9.99964735e-01 3.52654171e-05]
16,-3257.1863641859036,4.2799317836761475,True,CONVERGENCE: RELATIVE REDUCTION OF F <= FACTR*EPSMCH,165,"[ 4.9202856   6.33137527 -7.8944384  -8.65882286  1.88867328 -7.07653512
  6.49328381 -3.79330652 -7.12256134  8.41940945 -6.68936555 -4.29559835
 -6.9277321  -7.69019873 -9.57703967 -8.89209182 -6.50717058]","[ 4.9202856   6.33137527 -7.8944384  -8.65882286  1.88867328 -7.07653512
  6.49328381 -3.79330652  3.98661199 -0.56708331  1.35093022 -0.01438821
  2.00188477 -6.0570619  -8.65403155 -1.41739526 10.22840152]","[[ 4.9202856   3.98661199]
 [ 6.33137527 -0.56708331]
 [-7.8944384   1.35093022]
 [-8.65882286 -0.01438821]
 [ 1.88867328  2.00188477]
 [-7.07653512 -6.0570619 ]
 [ 6.49328381 -8.65403155]
 [-3.79330652 -1.41739526]]",[3.61281705e-05 9.99963872e-01]
39,-3257.5262210493875,4.086713790893555,True,CONVERGENCE: RELATIVE REDUCTION OF F <= FACTR*EPSMCH,152,"[-9.9099975   0.29258684  3.54574799 -9.39785422 -1.97288885  7.91269763
  3.43225618 -5.24683273  7.05562259 -3.03937153  7.06689342 -4.01112698
  1.80640502 -2.06119865 -4.50349898  7.73115124 -6.24812636]","[-9.90999750e+00  2.92586842e-01  3.54574799e+00 -9.39785422e+00
 -1.97288885e+00  7.91269763e+00  3.43225618e+00 -5.24683273e+00
  2.87551149e+00 -5.72967286e-01  1.36212021e+00 -1.41073131e-02
  2.00122760e+00 -6.72597155e+00 -5.29414007e+00 -3.41069994e-01
  3.16030449e+01]","[[-9.9099975   2.87551149]
 [ 0.29258684 -0.57296729]
 [ 3.54574799  1.36212021]
 [-9.39785422 -0.01410731]
 [-1.97288885  2.0012276 ]
 [ 7.91269763 -6.72597155]
 [ 3.43225618 -5.29414007]
 [-5.24683273 -0.34106999]]",[1.88352753e-14 1.00000000e+00]
23,-3257.710914166747,4.45681095123291,True,CONVERGENCE: RELATIVE REDUCTION OF F <= FACTR*EPSMCH,214,"[-6.84776703 -7.04433255  8.72254927 -1.23191926 -2.33360354  4.59371417
  1.05986131  8.72279974  5.60602988 -0.41260872 -2.47281053  9.7426309
  4.35520472  9.0238932  -7.63042846  7.01067358  2.74147768]","[  3.47422134  -0.56288071   1.35410175  -0.01463559   1.99839989
  -7.91358109  -2.05135137  -0.92776358   5.60367174  -0.412302
  -2.47446086   9.43973907   4.35254293   9.02386636  -7.63045452
   7.0083858  -13.96334296]","[[ 3.47422134  5.60367174]
 [-0.56288071 -0.412302  ]
 [ 1.35410175 -2.47446086]
 [-0.01463559  9.43973907]
 [ 1.99839989  4.35254293]
 [-7.91358109  9.02386636]
 [-2.05135137 -7.63045452]
 [-0.92776358  7.0083858 ]]",[9.99999137e-01 8.62574928e-07]
34,-3257.794943357245,4.479923963546753,True,CONVERGENCE: RELATIVE REDUCTION OF F <= FACTR*EPSMCH,237,"[-5.12665092  6.8717677   2.75177401  2.992981    3.40406511  5.25806038
 -8.83783037 -2.6678323   0.79054871 -3.23087033  6.88957747 -0.33854983
  5.37255179  7.04031034  0.09582966  8.19104488  1.74247881]","[-5.12844456e+00  6.87234214e+00  2.75074621e+00  2.74641715e+00
  3.40170277e+00  5.25804223e+00 -8.83785154e+00 -2.66956508e+00
  3.36403635e+00 -5.62627676e-01  1.35417327e+00 -1.46615602e-02
  2.00104873e+00 -7.75823683e+00 -1.75960427e+00 -8.20160804e-01
  2.03118820e+01]","[[-5.12844456  3.36403635]
 [ 6.87234214 -0.56262768]
 [ 2.75074621  1.35417327]
 [ 2.74641715 -0.01466156]
 [ 3.40170277  2.00104873]
 [ 5.25804223 -7.75823683]
 [-8.83785154 -1.75960427]
 [-2.66956508 -0.8201608 ]]",[1.50890441e-09 9.99999998e-01]
10,-3257.8964017806366,3.9474549293518066,True,CONVERGENCE: RELATIVE REDUCTION OF F <= FACTR*EPSMCH,148,"[ 1.08072287 -7.82848518  3.44480186 -4.36532432  3.18845269  4.53989229
  5.37294984 -7.84518108  8.3202369  -5.39572018 -9.25174888  1.10704939
 -2.58155432  6.59579486  6.16502944 -3.65722214  9.0579879 ]","[ 1.08072287 -7.82848518  3.44480186 -4.36532432  3.18845269  4.53989229
  5.37294984 -7.84518108  3.53493293 -0.56383949  1.35605376 -0.01458487
  1.99578606 -8.25216365 -1.83924445 -0.99394331 10.38784801]","[[ 1.08072287  3.53493293]
 [-7.82848518 -0.56383949]
 [ 3.44480186  1.35605376]
 [-4.36532432 -0.01458487]
 [ 3.18845269  1.99578606]
 [ 4.53989229 -8.25216365]
 [ 5.37294984 -1.83924445]
 [-7.84518108 -0.99394331]]",[3.08036055e-05 9.99969196e-01]
28,-3257.939965642161,3.9838058948516846,True,CONVERGENCE: RELATIVE REDUCTION OF F <= FACTR*EPSMCH,133,"[ 2.72816684  1.448263   -7.09739491  8.93048907 -3.97314735  1.56034432
  3.99551889  2.9846631   8.81188819 -7.0312202   0.16705477 -1.90931219
 -0.51662541 -7.61564948 -7.3181078  -4.43848908 -3.90590792]","[ 2.72513044e+00  1.44890708e+00 -7.09915847e+00  8.51540717e+00
 -3.97648402e+00  1.56030579e+00  3.99547952e+00  2.98172849e+00
  5.62585779e+00 -5.68418296e-01  1.35084659e+00 -1.43773141e-02
  1.96367401e+00 -9.58707850e+00 -8.12091671e+00 -3.03711602e+00
  2.82251046e+01]","[[ 2.72513044  5.62585779]
 [ 1.44890708 -0.5684183 ]
 [-7.09915847  1.35084659]
 [ 8.51540717 -0.01437731]
 [-3.97648402  1.96367401]
 [ 1.56030579 -9.5870785 ]
 [ 3.99547952 -8.12091671]
 [ 2.98172849 -3.03711602]]",[5.52068311e-13 1.00000000e+00]
15,-3257.9707206974126,4.326381206512451,True,CONVERGENCE: RELATIVE REDUCTION OF F <= FACTR*EPSMCH,184,"[-9.64326432 -7.81712006  6.5885723   5.94634177 -5.34718516  0.61539181
  2.12031641  7.35477908  2.06214315 -1.74856861 -2.51631913 -1.47235827
  3.03862051  7.34981264 -0.92206236 -5.04320874 -5.26675274]","[-9.64661272e+00 -7.81630510e+00  6.58676965e+00  5.48456510e+00
 -5.35081798e+00  6.15353082e-01  2.12027680e+00  7.35153305e+00
  3.10266800e+00 -5.62768665e-01  1.35433124e+00 -1.46512804e-02
  2.00594489e+00 -7.48481166e+00 -1.29346981e+00 -5.66668225e-01
  4.87027065e+01]","[[-9.64661272  3.102668  ]
 [-7.8163051  -0.56276867]
 [ 6.58676965  1.35433124]
 [ 5.4845651  -0.01465128]
 [-5.35081798  2.00594489]
 [ 0.61535308 -7.48481166]
 [ 2.1202768  -1.29346981]
 [ 7.35153305 -0.56666823]]",[7.05802721e-22 1.00000000e+00]
3,-3257.9835454705762,4.131015777587891,True,CONVERGENCE: RELATIVE REDUCTION OF F <= FACTR*EPSMCH,162,"[-0.60888377 -6.21057282 -7.40156989 -0.47590148 -5.46181302  3.39627989
 -1.25696162  6.65356392  4.00530204 -3.75266717  6.64519603  6.10528715
 -2.25043242 -4.23343792  3.64991008 -7.20495033 -6.00183595]","[ 4.5694801  -0.57593138  1.39461444 -0.01478986  1.97995343 -7.96920533
 -3.69135962 -2.04409745  4.00520073 -3.7526524   6.64510527  6.09340042
 -2.25054835 -4.23343894  3.64990899 -7.20504874 -6.45798802]","[[ 4.5694801   4.00520073]
 [-0.57593138 -3.7526524 ]
 [ 1.39461444  6.64510527]
 [-0.01478986  6.09340042]
 [ 1.97995343 -2.25054835]
 [-7.96920533 -4.23343894]
 [-3.69135962  3.64990899]
 [-2.04409745 -7.20504874]]",[0.99843451 0.00156549]
42,-3258.002569643637,4.349430799484253,True,CONVERGENCE: RELATIVE REDUCTION OF F <= FACTR*EPSMCH,192,"[ 1.81489588  3.06878418 -4.01233417 -5.16255877 -3.55015306 -6.89116872
  7.48628731 -4.33506133  1.22978789  5.8394885   5.67648219 -1.22227483
 -0.47485383  9.89403498  3.49194954  6.29276886  8.05107938]","[ 1.81529325  3.06909527 -4.01233417 -5.10146749 -3.54964601 -6.89100683
  7.48630202 -4.33495831  3.56512556 -0.57542144  1.35756009 -0.01495968
  1.99153363 -8.21249174 -1.46674237 -0.97855934 11.47048475]","[[ 1.81529325  3.56512556]
 [ 3.06909527 -0.57542144]
 [-4.01233417  1.35756009]
 [-5.10146749 -0.01495968]
 [-3.54964601  1.99153363]
 [-6.89100683 -8.21249174]
 [ 7.48630202 -1.46674237]
 [-4.33495831 -0.97855934]]",[1.04334331e-05 9.99989567e-01]
26,-3258.34000916883,4.599558115005493,True,CONVERGENCE: RELATIVE REDUCTION OF F <= FACTR*EPSMCH,208,"[ 6.02963622 -5.22894359  6.98817686 -8.8453612   6.01927707  8.5559086
  5.44216798  3.96241568  6.75960437 -9.19697401 -5.96435779 -7.49152641
  0.0906198   4.90376257  2.60023689  7.022622   -6.89574015]","[ 5.84021992e+00 -5.12816760e+00  6.96133045e+00 -3.62838779e+01
  6.00290974e+00  8.48879260e+00  5.41681305e+00  3.93855221e+00
  3.21479487e+00 -5.62642184e-01  1.35474232e+00 -1.46862850e-02
  2.00031426e+00 -8.18181729e+00 -3.81414964e-01 -6.75654477e-01
  8.77261469e+02]","[[ 5.84021992e+00  3.21479487e+00]
 [-5.12816760e+00 -5.62642184e-01]
 [ 6.96133045e+00  1.35474232e+00]
 [-3.62838779e+01 -1.46862850e-02]
 [ 6.00290974e+00  2.00031426e+00]
 [ 8.48879260e+00 -8.18181729e+00]
 [ 5.41681305e+00 -3.81414964e-01]
 [ 3.93855221e+00 -6.75654477e-01]]",[0. 1.]
45,-3258.4467329241984,3.802629232406616,True,CONVERGENCE: RELATIVE REDUCTION OF F <= FACTR*EPSMCH,78,"[ 5.61162275  6.82407412 -4.79302913 -3.54019118 -5.15034294 -0.40273199
  3.66516715 -5.43494249 -3.38528516  8.60769235 -9.0286142  -0.7746079
  4.23116083 -6.99091977 -9.0525196  -7.23589257  8.37646387]","[ 5.61162275  6.82407412 -4.79302913 -3.54019118 -5.15034294 -0.40273199
  3.66516715 -5.43494249  3.3418553  -0.57858315  1.36033428 -0.0138843
  1.98990348 -6.83256566 -8.85022372 -0.77705409  8.4101242 ]","[[ 5.61162275  3.3418553 ]
 [ 6.82407412 -0.57858315]
 [-4.79302913  1.36033428]
 [-3.54019118 -0.0138843 ]
 [-5.15034294  1.98990348]
 [-0.40273199 -6.83256566]
 [ 3.66516715 -8.85022372]
 [-5.43494249 -0.77705409]]",[2.22552668e-04 9.99777447e-01]
5,-3258.481135560147,4.199747800827026,True,CONVERGENCE: RELATIVE REDUCTION OF F <= FACTR*EPSMCH,128,"[-9.38364331 -1.26565222 -5.70830654 -1.81942713  7.06806147 -5.32121028
 -8.83394517 -4.37232216 -4.12812484  3.23833029  1.14064305  5.68796418
  3.28627081 -1.87226277  6.28040769 -6.6605416  -9.54575854]","[ 2.9618417  -0.57168257  1.35079459 -0.01454768  2.01638827 -3.85315315
 -7.96109592 -0.40694618 -4.13617959  3.24017732  1.1369724   4.54444616
  3.27779032 -1.87237213  6.28029414 -6.66831969 -4.61743246]","[[ 2.9618417  -4.13617959]
 [-0.57168257  3.24017732]
 [ 1.35079459  1.1369724 ]
 [-0.01454768  4.54444616]
 [ 2.01638827  3.27779032]
 [-3.85315315 -1.87237213]
 [-7.96109592  6.28029414]
 [-0.40694618 -6.66831969]]",[0.9902185 0.0097815]
13,-3258.4944088785405,4.329823017120361,True,CONVERGENCE: RELATIVE REDUCTION OF F <= FACTR*EPSMCH,174,"[-9.72127425 -5.4068794  -7.36355564  3.56317347 -7.56334991  0.12659863
  3.88524871  1.62233218 -6.00448697  6.08249052  4.30814259  4.78968008
 -7.37884497 -7.52492393  8.55125102 -2.04843612 -3.98102616]","[ 3.38312417e+00 -5.63305362e-01  1.35510762e+00 -1.46696305e-02
  1.99479385e+00 -8.71780761e+00 -1.83958920e-01 -8.41412381e-01
 -6.00448697e+00  6.08249052e+00  4.30814259e+00  4.78968008e+00
 -7.37884497e+00 -7.52492393e+00  8.55125102e+00 -2.04843612e+00
 -3.83183246e+01]","[[ 3.38312417 -6.00448697]
 [-0.56330536  6.08249052]
 [ 1.35510762  4.30814259]
 [-0.01466963  4.78968008]
 [ 1.99479385 -7.37884497]
 [-8.71780761 -7.52492393]
 [-0.18395892  8.55125102]
 [-0.84141238 -2.04843612]]",[1.00000000e+00 2.28330041e-17]
32,-3258.609512684243,3.867966890335083,True,CONVERGENCE: RELATIVE REDUCTION OF F <= FACTR*EPSMCH,90,"[ 9.90928945  5.44209783 -3.7807698   3.76330098  4.10812731 -2.2431661
  2.81777269 -9.7854471  -5.81884683  0.50176606 -6.72497391 -6.67186264
  6.72608581  9.78266005  1.11938856  6.78139462  9.80643329]","[ 4.04691814 -0.58176101  1.33639085 -0.01506007  1.9985788  -9.15920897
 -1.61107095 -1.44092087 -5.81818801  0.50099425 -6.72497391 -6.57358472
  6.72563682  9.78297514  1.1194172   6.78159513 -8.76666282]","[[ 4.04691814 -5.81818801]
 [-0.58176101  0.50099425]
 [ 1.33639085 -6.72497391]
 [-0.01506007 -6.57358472]
 [ 1.9985788   6.72563682]
 [-9.15920897  9.78297514]
 [-1.61107095  1.1194172 ]
 [-1.44092087  6.78159513]]",[9.99844181e-01 1.55818507e-04]
2,-3258.8797015901196,4.2411980628967285,True,CONVERGENCE: RELATIVE REDUCTION OF F <= FACTR*EPSMCH,176,"[-8.72365488  6.55262344  2.63328798  5.1717548  -2.90948064  9.41396049
  7.86242243  5.56766994 -6.10722584 -0.66557993 -9.12392468 -6.90421016
  3.66097906  4.89524312  9.35019465 -3.48349284 -2.59080588]","[ 3.61931003e+00 -5.57296221e-01  1.34914750e+00 -1.49872589e-02
  2.00019893e+00 -8.51407954e+00  4.63071991e-01 -1.06531883e+00
 -6.51638886e+00 -2.42734726e-01 -9.12392468e+00 -6.98092349e+01
  3.88197303e+00  4.72854707e+00  9.33504046e+00 -3.58957214e+00
 -7.76344099e+01]","[[ 3.61931003e+00 -6.51638886e+00]
 [-5.57296221e-01 -2.42734726e-01]
 [ 1.34914750e+00 -9.12392468e+00]
 [-1.49872589e-02 -6.98092349e+01]
 [ 2.00019893e+00  3.88197303e+00]
 [-8.51407954e+00  4.72854707e+00]
 [ 4.63071991e-01  9.33504046e+00]
 [-1.06531883e+00 -3.58957214e+00]]",[1.00000000e+00 1.92222484e-34]
14,-3260.252900446436,3.686917781829834,True,CONVERGENCE: RELATIVE REDUCTION OF F <= FACTR*EPSMCH,61,"[-0.22831909  3.25728426  9.11246514 -4.26107546  8.49616859 -9.50281017
  1.10396085  2.67950223 -7.88205192 -7.19320806 -1.61771361  9.33463824
  1.92085106  8.66046443  6.08721831 -0.65236797  5.69526899]","[  1.83069831  -0.57968316   1.37710031  -0.01405132   2.01358659
  -8.21510075   2.00025245   0.62049821  -7.88671611  -7.19204832
  -1.61985662   8.67266466   1.916022     8.66039461   6.08714919
  -0.65685909 -10.32856802]","[[ 1.83069831 -7.88671611]
 [-0.57968316 -7.19204832]
 [ 1.37710031 -1.61985662]
 [-0.01405132  8.67266466]
 [ 2.01358659  1.916022  ]
 [-8.21510075  8.66039461]
 [ 2.00025245  6.08714919]
 [ 0.62049821 -0.65685909]]",[9.99967315e-01 3.26847908e-05]
11,-3261.562492141985,4.101254224777222,True,CONVERGENCE: RELATIVE REDUCTION OF F <= FACTR*EPSMCH,97,"[-4.18164324  0.30114258 -4.88069819  8.7308714  -6.70784365 -9.10178761
 -1.2980588   9.84751128  7.83354533  4.97216039  7.81584982  7.87893279
  0.37716721 -3.68141896  5.44024864  3.23322526 -2.52684542]","[-4.18164324  0.30114258 -4.88069819  8.73087139 -6.70784365 -9.10178761
 -1.2980588   9.84751128  1.35615888 -0.56355157  1.36078802 -0.01470468
  2.02577371 -6.3642504   3.67595585  1.1370808   9.56360784]","[[-4.18164324  1.35615888]
 [ 0.30114258 -0.56355157]
 [-4.88069819  1.36078802]
 [ 8.73087139 -0.01470468]
 [-6.70784365  2.02577371]
 [-9.10178761 -6.3642504 ]
 [-1.2980588   3.67595585]
 [ 9.84751128  1.1370808 ]]",[7.02339967e-05 9.99929766e-01]
38,-3262.1147368451716,3.7153971195220947,True,CONVERGENCE: RELATIVE REDUCTION OF F <= FACTR*EPSMCH,73,"[ 6.04119574  8.49403334  6.45166181 -9.25058546 -2.54595317 -9.02603055
 -7.81435418  3.50611257  4.26516393  5.47441366  7.30913096  4.79862937
  6.01743184 -9.0207258  -5.30929699  2.43795547  7.16250609]","[ 6.04769795  8.48645626  6.45166181 -8.28062459 -2.55034418 -9.0229208
 -7.81407147  3.50809151  2.60635021 -0.57511668  1.31759244 -0.01449098
  1.95280899 -8.7288821  -5.12189743  0.12900517  7.20027125]","[[ 6.04769795  2.60635021]
 [ 8.48645626 -0.57511668]
 [ 6.45166181  1.31759244]
 [-8.28062459 -0.01449098]
 [-2.55034418  1.95280899]
 [-9.0229208  -8.7288821 ]
 [-7.81407147 -5.12189743]
 [ 3.50809151  0.12900517]]",[7.45826652e-04 9.99254173e-01]
47,-3262.205674855687,4.150784969329834,True,CONVERGENCE: RELATIVE REDUCTION OF F <= FACTR*EPSMCH,101,"[-0.91085139  2.06848909  9.69299067 -2.75927843  6.26318692 -3.63201764
  5.98427044  2.01467838 -5.6728861  -1.71947812 -3.64728731 -8.42783214
 -9.4033046  -3.07042689 -9.61931704 -6.69024485  4.50366642]","[ 8.95772768e-01 -5.74486826e-01  1.36336715e+00 -1.43087175e-02
  2.01007791e+00 -7.32391057e+00  3.54184368e+00  1.60965993e+00
 -5.67288610e+00 -1.71947812e+00 -3.64728731e+00 -8.42783214e+00
 -9.40330460e+00 -3.07042689e+00 -9.61931704e+00 -6.69024485e+00
 -1.53740535e+01]","[[ 0.89577277 -5.6728861 ]
 [-0.57448683 -1.71947812]
 [ 1.36336715 -3.64728731]
 [-0.01430872 -8.42783214]
 [ 2.01007791 -9.4033046 ]
 [-7.32391057 -3.07042689]
 [ 3.54184368 -9.61931704]
 [ 1.60965993 -6.69024485]]",[9.99999790e-01 2.10442441e-07]
27,-3262.590123542662,4.1153059005737305,True,CONVERGENCE: RELATIVE REDUCTION OF F <= FACTR*EPSMCH,126,"[ 4.69242184 -6.13917018 -4.58482497  4.20809395  9.6040957   2.23087212
 -8.9099937   2.3261794  -9.15298897  7.68291423  4.1915657  -6.52744307
 -8.16557988 -6.32933542  9.60054359 -0.82878715  5.68161897]","[  1.1527909   -0.57458435   1.36353969  -0.01399549   2.03635663
  -1.09907566  -8.54664476   1.36026057  -9.15222292   7.68357926
   4.1915657   -6.41316832  -8.16453961  -6.32896905   9.6005769
  -0.82855401 -12.45251948]","[[ 1.1527909  -9.15222292]
 [-0.57458435  7.68357926]
 [ 1.36353969  4.1915657 ]
 [-0.01399549 -6.41316832]
 [ 2.03635663 -8.16453961]
 [-1.09907566 -6.32896905]
 [-8.54664476  9.6005769 ]
 [ 1.36026057 -0.82855401]]",[9.99996092e-01 3.90784928e-06]
22,-3263.8743894329627,4.276190280914307,True,CONVERGENCE: RELATIVE REDUCTION OF F <= FACTR*EPSMCH,178,"[ 5.98489433 -0.15693569  1.99186883  8.63472471 -7.60532823 -7.65792868
 -8.24581976  3.1572657  -1.62783398  5.48642832  3.42462827 -3.31724483
  7.96733095  5.25064294 -4.58930118 -2.71615964 -3.7112004 ]","[ 5.97380892 -0.15446879  1.98696627  7.05222772 -7.61698228 -7.65808445
 -8.24597938  3.14657094  0.82064624 -0.5616148   1.36087523 -0.01491443
  2.03286402 -5.18909335  5.10490882  1.66603364  5.9437598 ]","[[ 5.97380892  0.82064624]
 [-0.15446879 -0.5616148 ]
 [ 1.98696627  1.36087523]
 [ 7.05222772 -0.01491443]
 [-7.61698228  2.03286402]
 [-7.65808445 -5.18909335]
 [-8.24597938  5.10490882]
 [ 3.14657094  1.66603364]]",[0.00261529 0.99738471]
9,-3263.9724396564657,3.8960680961608887,True,CONVERGENCE: RELATIVE REDUCTION OF F <= FACTR*EPSMCH,130,"[ 9.17118426 -0.35393126  5.65470455 -8.3354     -0.26683338 -0.18586011
  8.7565291   1.43456105 -0.53021198 -4.66048674 -3.36862005  0.42344805
 -1.22177079 -9.5677584   6.52583848  7.92321544 -7.19501822]","[ 9.17118426e+00 -3.53931261e-01  5.65470455e+00 -8.33540000e+00
 -2.66833383e-01 -1.85860113e-01  8.75652910e+00  1.43456105e+00
  1.28041964e+00 -5.60033496e-01  1.35630689e+00 -1.50305914e-02
  2.02576737e+00 -7.41209683e+00  7.22343551e+00  1.22237523e+00
  1.65989887e+01]","[[ 9.17118426  1.28041964]
 [-0.35393126 -0.5600335 ]
 [ 5.65470455  1.35630689]
 [-8.3354     -0.01503059]
 [-0.26683338  2.02576737]
 [-0.18586011 -7.41209683]
 [ 8.7565291   7.22343551]
 [ 1.43456105  1.22237523]]",[6.18230974e-08 9.99999938e-01]
29,-3264.61926404641,3.6080689430236816,True,CONVERGENCE: RELATIVE REDUCTION OF F <= FACTR*EPSMCH,79,"[-1.44193573  2.21975094  2.69258235 -1.75378207 -1.82433781 -5.64742947
  1.76612497 -3.65918177 -9.27880331 -1.63199912 -0.5173465  -5.47814264
  1.44915866  1.31543801  4.04004362  2.95896964  3.04866113]","[ 2.31022628 -0.58158876  1.31457779 -0.01573779  2.04886016 -5.76703591
  1.68533627  0.30059844 -9.27828811 -1.63167501 -0.5173465  -5.40128773
  1.44973515  1.31568441  4.04006602  2.95912645 -6.37132262]","[[ 2.31022628 -9.27828811]
 [-0.58158876 -1.63167501]
 [ 1.31457779 -0.5173465 ]
 [-0.01573779 -5.40128773]
 [ 2.04886016  1.44973515]
 [-5.76703591  1.31568441]
 [ 1.68533627  4.04006602]
 [ 0.30059844  2.95912645]]",[0.99829302 0.00170698]
35,-3264.947456901778,3.6941978931427,True,CONVERGENCE: RELATIVE REDUCTION OF F <= FACTR*EPSMCH,108,"[ 7.00548598 -3.18818409 -0.02366083  0.63822082 -7.90040568 -2.02894987
  8.34675345  2.61664481 -6.44986835 -3.22288729 -6.16793981 -9.49353736
  8.54920917 -1.03585343 -3.84929855  1.96954383 -9.85371087]","[ 0.42124265 -0.56385207  1.36534208 -0.01469706  2.03207761 -5.49733888
  6.05425217  2.04810643 -6.44986835 -3.22288729 -6.16793981 -9.49353736
  8.54920917 -1.03585343 -3.84929855  1.96954383 -9.93036717]","[[ 0.42124265 -6.44986835]
 [-0.56385207 -3.22288729]
 [ 1.36534208 -6.16793981]
 [-0.01469706 -9.49353736]
 [ 2.03207761  8.54920917]
 [-5.49733888 -1.03585343]
 [ 6.05425217 -3.84929855]
 [ 2.04810643  1.96954383]]",[9.99951328e-01 4.86715523e-05]
12,-3265.6777464734632,3.927469253540039,True,CONVERGENCE: RELATIVE REDUCTION OF F <= FACTR*EPSMCH,105,"[-8.11066664  4.93579223 -4.75078968  8.74626301 -5.1805885  -7.54484135
  6.62225344 -6.93431367 -6.41463384  1.98765583  7.49124082 -6.06130669
 -3.79352654  5.54809676  9.43652852  0.01482372 -7.12204995]","[ 7.21350185e-01 -5.70488785e-01  1.36675015e+00 -1.44873909e-02
  2.01755748e+00 -7.64124821e+00  6.57489270e+00  1.75670248e+00
 -6.52981137e+00  1.90803784e+00  7.47410697e+00 -2.27220709e+01
 -3.94397567e+00  5.50906966e+00  9.42129843e+00 -4.06363812e-04
 -7.28850040e+00]","[[ 7.21350185e-01 -6.52981137e+00]
 [-5.70488785e-01  1.90803784e+00]
 [ 1.36675015e+00  7.47410697e+00]
 [-1.44873909e-02 -2.27220709e+01]
 [ 2.01755748e+00 -3.94397567e+00]
 [-7.64124821e+00  5.50906966e+00]
 [ 6.57489270e+00  9.42129843e+00]
 [ 1.75670248e+00 -4.06363812e-04]]",[9.99317115e-01 6.82885391e-04]
46,-3266.874722409587,3.920060157775879,True,CONVERGENCE: RELATIVE REDUCTION OF F <= FACTR*EPSMCH,106,"[-9.81480436 -6.2335605  -9.37432974 -7.77741065  2.40298573 -5.16722183
  1.38424101  1.80390766  6.98870666 -9.90517214  7.06738919  2.39238173
 -6.74513028  5.45874776  7.10983084 -4.91473032  8.37587362]","[-9.81480436 -6.2335605  -9.37432974 -7.77741065  2.40298573 -5.16722183
  1.38424101  1.80390766 -0.17492705 -0.56193935  1.36950356 -0.0145162
  2.03851565 -1.98745775  2.48308926  2.63131753  8.7035739 ]","[[-9.81480436 -0.17492705]
 [-6.2335605  -0.56193935]
 [-9.37432974  1.36950356]
 [-7.77741065 -0.0145162 ]
 [ 2.40298573  2.03851565]
 [-5.16722183 -1.98745775]
 [ 1.38424101  2.48308926]
 [ 1.80390766  2.63131753]]",[1.65963963e-04 9.99834036e-01]
31,-3267.0832975292074,4.15397310256958,True,CONVERGENCE: RELATIVE REDUCTION OF F <= FACTR*EPSMCH,127,"[-8.55881706  6.83986422 -8.88864166 -4.37777128 -3.31739919 -6.5401111
 -3.7221326   4.85385133 -9.70634313  6.54346849  7.13096047 -2.54476854
 -6.92774202  2.01680816 -7.60654888 -2.70161278  9.16858362]","[-8.55843549  6.83945245 -8.88864166 -4.32085144 -3.31762399 -6.53992861
 -3.72211601  4.85396746  0.98373271 -0.56042325  1.34758466 -0.01474565
  2.04372434  1.21614847 -6.80456066  1.56010214  9.45649582]","[[-8.55843549  0.98373271]
 [ 6.83945245 -0.56042325]
 [-8.88864166  1.34758466]
 [-4.32085144 -0.01474565]
 [-3.31762399  2.04372434]
 [-6.53992861  1.21614847]
 [-3.72211601 -6.80456066]
 [ 4.85396746  1.56010214]]",[7.81739572e-05 9.99921826e-01]
0,-3267.3956840372293,4.538132905960083,True,CONVERGENCE: RELATIVE REDUCTION OF F <= FACTR*EPSMCH,119,"[0.   0.   0.   0.01 0.   0.   0.   0.   0.   0.   0.   0.01 0.   0.
 0.   0.   0.  ]","[ 1.23532903 -0.54130538  1.3304475  -0.01587331  2.05700299 -0.1733871
 -0.06065972  1.35102847  1.23532903 -0.54130538  1.3304475  -0.01587331
  2.05700299 -0.1733871  -0.06065972  1.35102847  0.        ]","[[ 1.23532903  1.23532903]
 [-0.54130538 -0.54130538]
 [ 1.3304475   1.3304475 ]
 [-0.01587331 -0.01587331]
 [ 2.05700299  2.05700299]
 [-0.1733871  -0.1733871 ]
 [-0.06065972 -0.06065972]
 [ 1.35102847  1.35102847]]",[0.5 0.5]
6,-3268.0480058050875,3.93359375,True,CONVERGENCE: RELATIVE REDUCTION OF F <= FACTR*EPSMCH,107,"[-8.19904278  4.44718701 -0.76245539 -6.76456442  0.0208955  -6.95375795
  3.9264075  -1.07687449 -2.37957548 -3.96975822  2.60565186 -2.75374779
 -8.24700161 -7.63988196  9.23795329  8.17161381  3.99414268]","[-8.19904278  4.44718701 -0.76245539 -6.76456442  0.0208955  -6.95375795
  3.9264075  -1.07687449  0.37210978 -0.55779657  1.35717122 -0.01521027
  2.03757373 -6.05369512  9.65376307  2.11609633 13.3874173 ]","[[-8.19904278  0.37210978]
 [ 4.44718701 -0.55779657]
 [-0.76245539  1.35717122]
 [-6.76456442 -0.01521027]
 [ 0.0208955   2.03757373]
 [-6.95375795 -6.05369512]
 [ 3.9264075   9.65376307]
 [-1.07687449  2.11609633]]",[1.53432680e-06 9.99998466e-01]
41,-3268.067098647734,4.171891927719116,True,CONVERGENCE: RELATIVE REDUCTION OF F <= FACTR*EPSMCH,134,"[-8.65666662 -5.96041925 -9.64662438 -0.92440167  2.6908053  -3.13415075
 -1.59236457  9.18418546  5.03926243  0.81713274 -4.3091825   7.94993598
 -5.29805766 -3.49314539  8.18129629  0.59084111  4.84635899]","[-7.27955835e-02 -5.56885456e-01  1.36414323e+00 -1.47202205e-02
  2.04784500e+00  3.71156460e-02  4.27063648e-01  2.53977604e+00
  5.03609235e+00  8.17537430e-01 -4.31157692e+00  7.54969612e+00
 -5.30162839e+00 -3.49318236e+00  8.18126084e+00  5.87768448e-01
 -3.89141486e+01]","[[-0.07279558  5.03609235]
 [-0.55688546  0.81753743]
 [ 1.36414323 -4.31157692]
 [-0.01472022  7.54969612]
 [ 2.047845   -5.30162839]
 [ 0.03711565 -3.49318236]
 [ 0.42706365  8.18126084]
 [ 2.53977604  0.58776845]]",[1.00000000e+00 1.25834575e-17]
44,-3268.082009313831,4.051213979721069,True,CONVERGENCE: RELATIVE REDUCTION OF F <= FACTR*EPSMCH,101,"[-8.98079035 -7.76799264 -2.30991244 -8.77943098  3.96379451 -5.85958917
 -3.95856862 -2.11748446 -1.66780734 -9.96678585 -7.75859258  7.26529127
 -9.97533875  0.16334712 -0.20995987 -3.33811678 -1.3734596 ]","[-8.97930796e+00 -7.76510470e+00 -2.30991244e+00 -8.55152754e+00
  3.96740007e+00 -5.85898523e+00 -3.95851372e+00 -2.11710013e+00
  1.75658686e+00 -5.59670234e-01  1.38763438e+00 -1.48434437e-02
  2.11318033e+00 -4.05292009e-01 -4.11282345e-01  5.63035400e-01
  1.67565590e+01]","[[-8.97930796  1.75658686]
 [-7.7651047  -0.55967023]
 [-2.30991244  1.38763438]
 [-8.55152754 -0.01484344]
 [ 3.96740007  2.11318033]
 [-5.85898523 -0.40529201]
 [-3.95851372 -0.41128235]
 [-2.11710013  0.5630354 ]]",[5.28103300e-08 9.99999947e-01]
18,-3270.635813883179,3.6236770153045654,True,CONVERGENCE: RELATIVE REDUCTION OF F <= FACTR*EPSMCH,67,"[-7.96656194  6.66917108 -8.96076267  8.50683738 -8.01773717  6.87149903
  8.05306288  9.59141361  6.04051761  5.58955082  2.84966552  5.58992709
 -7.30895583  0.72136072  0.2844574   7.15144288 -0.74401269]","[-7.96656194  6.66917108 -8.96076267  8.50683738 -8.01773717  6.87149903
  8.05306288  9.59141361  1.17180631 -0.57010479  1.35315507 -0.01622146
  2.03374033  0.86643902  0.43296823  1.38700353  3.31671003]","[[-7.96656194  1.17180631]
 [ 6.66917108 -0.57010479]
 [-8.96076267  1.35315507]
 [ 8.50683738 -0.01622146]
 [-8.01773717  2.03374033]
 [ 6.87149903  0.86643902]
 [ 8.05306288  0.43296823]
 [ 9.59141361  1.38700353]]",[0.03500236 0.96499764]
43,-3271.8298363322892,3.76436710357666,True,CONVERGENCE: RELATIVE REDUCTION OF F <= FACTR*EPSMCH,113,"[ 5.75179672 -6.2964131   1.24341467 -7.95211685  3.05844253  9.10698856
  0.25464129 -1.34055014 -9.28314497  9.19549045 -7.93994632 -9.16841813
 -5.07866777 -8.68939132 -0.89764315  0.32175603 -3.74860102]","[ -1.07090368  -0.56695812   1.37673791  -0.01407625   2.03422526
   1.93290274  -2.1857196    3.51960415  -9.26968917   9.17951343
  -7.93794463  -7.22199735  -5.08636226  -8.68483192  -0.89586387
   0.3235353  -11.00374003]","[[-1.07090368 -9.26968917]
 [-0.56695812  9.17951343]
 [ 1.37673791 -7.93794463]
 [-0.01407625 -7.22199735]
 [ 2.03422526 -5.08636226]
 [ 1.93290274 -8.68483192]
 [-2.1857196  -0.89586387]
 [ 3.51960415  0.3235353 ]]",[9.99983361e-01 1.66390758e-05]
33,-3271.9848715890184,4.120887041091919,True,CONVERGENCE: RELATIVE REDUCTION OF F <= FACTR*EPSMCH,125,"[-7.16808223 -1.03508773 -2.14854568 -8.38901433  5.10660346 -1.32441945
 -0.61346132 -6.98654052 -6.38146696  8.14207244 -9.10701822 -5.3329543
 -4.15881339 -0.19604915  1.72890346 -0.13420048 -8.31769331]","[-7.10425927 -1.10683442 -2.13575889  0.66512093  5.07739668 -1.30023072
 -0.60526808 -6.979979   -1.59921226 -0.57247485  1.38779366 -0.01386085
  2.02254182 -0.08853046  1.82654375  4.01915742  7.09798146]","[[-7.10425927 -1.59921226]
 [-1.10683442 -0.57247485]
 [-2.13575889  1.38779366]
 [ 0.66512093 -0.01386085]
 [ 5.07739668  2.02254182]
 [-1.30023072 -0.08853046]
 [-0.60526808  1.82654375]
 [-6.979979    4.01915742]]",[8.26089126e-04 9.99173911e-01]
8,-3274.3705460422434,3.8768649101257324,True,CONVERGENCE: RELATIVE REDUCTION OF F <= FACTR*EPSMCH,91,"[ 2.54617681  1.68195938  2.99693203 -8.30111358 -1.68385196 -9.16771652
 -0.12018362 -3.40277575 -7.10951622 -7.93194065  1.75289144 -6.57814063
  8.50240237  1.62122279 -3.06260391  1.81830983 -9.54392258]","[ 2.53545337e+00  1.68333147e+00  2.99546974e+00 -9.85617589e+00
 -1.68910846e+00 -9.17161596e+00 -1.21564665e-01 -3.40407557e+00
 -1.90597938e+00 -5.76296973e-01  1.38625330e+00 -1.35633702e-02
  2.01468497e+00  1.94159496e+00 -2.76143511e+00  4.35832755e+00
  1.85424475e+02]","[[ 2.53545337 -1.90597938]
 [ 1.68333147 -0.57629697]
 [ 2.99546974  1.3862533 ]
 [-9.85617589 -0.01356337]
 [-1.68910846  2.01468497]
 [-9.17161596  1.94159496]
 [-0.12156467 -2.76143511]
 [-3.40407557  4.35832755]]",[2.95919638e-81 1.00000000e+00]
4,-3276.10206248906,3.7153918743133545,True,CONVERGENCE: RELATIVE REDUCTION OF F <= FACTR*EPSMCH,87,"[-9.8527546   5.73848755  3.29701713  4.11330757  5.61458062 -0.82168449
  1.37482392 -7.20406004 -7.70939853  3.36805924 -0.57807588  1.31472213
  5.29997715  2.6943664   1.07158801  1.18414321 -3.92099804]","[-9.8527546   5.73848755  3.29701713  4.11330757  5.61458062 -0.82168449
  1.37482392 -7.20406004 -1.84270808 -0.57127474  1.38298788 -0.0142679
  2.01720686  2.33910223  1.14253539  4.29346086  5.05040411]","[[-9.8527546  -1.84270808]
 [ 5.73848755 -0.57127474]
 [ 3.29701713  1.38298788]
 [ 4.11330757 -0.0142679 ]
 [ 5.61458062  2.01720686]
 [-0.82168449  2.33910223]
 [ 1.37482392  1.14253539]
 [-7.20406004  4.29346086]]",[0.00636596 0.99363404]
21,-3278.886358918371,3.980813980102539,True,CONVERGENCE: RELATIVE REDUCTION OF F <= FACTR*EPSMCH,127,"[-7.2518414   9.17760492  6.01768352  1.88364009  5.65248209  5.90229678
  8.92054126 -4.93233292  1.80151791 -8.09901605  2.323314   -6.56417392
  1.29901223  1.44861028 -0.68029694  0.45263551  5.2784678 ]","[-2.12462687 -0.56182969  1.36485025 -0.01470277  2.01689418  0.97447495
  5.94716218  4.61083813  1.80151791 -8.09901605  2.323314   -6.56417392
  1.29901223  1.44861028 -0.68029694  0.45263551 -7.79518272]","[[-2.12462687  1.80151791]
 [-0.56182969 -8.09901605]
 [ 1.36485025  2.323314  ]
 [-0.01470277 -6.56417392]
 [ 2.01689418  1.29901223]
 [ 0.97447495  1.44861028]
 [ 5.94716218 -0.68029694]
 [ 4.61083813  0.45263551]]",[9.99588456e-01 4.11544112e-04]
17,-3279.249812116669,4.218009948730469,True,CONVERGENCE: RELATIVE REDUCTION OF F <= FACTR*EPSMCH,164,"[-8.93236135  1.82287632  3.61429054 -2.11739086 -3.64017806  0.09052474
  7.50009884  7.02263254 -9.13049876 -6.37003181 -5.26510258 -5.00224848
  1.42465303 -1.67475149 -9.0149176  -2.52771723  0.47505897]","[-1.54638367e+00 -5.49838471e-01  1.36358402e+00 -1.52504661e-02
  2.03974253e+00  8.86916005e-01  7.97921121e+00  4.01689801e+00
 -9.13004172e+00 -6.36906691e+00 -5.26510258e+00 -4.93407006e+00
  1.42583765e+00 -1.67453290e+00 -9.01489773e+00 -2.52757813e+00
 -1.91572787e+01]","[[-1.54638367 -9.13004172]
 [-0.54983847 -6.36906691]
 [ 1.36358402 -5.26510258]
 [-0.01525047 -4.93407006]
 [ 2.03974253  1.42583765]
 [ 0.88691601 -1.6745329 ]
 [ 7.97921121 -9.01489773]
 [ 4.01689801 -2.52757813]]",[9.99999995e-01 4.78739850e-09]
7,-3282.4034325910484,3.7675750255584717,True,CONVERGENCE: RELATIVE REDUCTION OF F <= FACTR*EPSMCH,93,"[-4.68260077  9.38352755  5.57501808  4.34780378 -1.01276996 -4.55516876
 -8.07218076  8.05204793 -0.8844742  -5.9527327  -3.88086752  1.59439138
 -6.46454434  7.13228568  5.1703906   4.38925912 -1.3581392 ]","[-4.68260077  9.38352755  5.57501808  4.34780378 -1.01276996 -4.55516876
 -8.07218076  8.05204793 -2.95783934 -0.58074893  1.40077387 -0.01387736
  2.00119857  3.01204318  3.72991526  5.34276587  4.05873689]","[[-4.68260077 -2.95783934]
 [ 9.38352755 -0.58074893]
 [ 5.57501808  1.40077387]
 [ 4.34780378 -0.01387736]
 [-1.01276996  2.00119857]
 [-4.55516876  3.01204318]
 [-8.07218076  3.72991526]
 [ 8.05204793  5.34276587]]",[0.0169776 0.9830224]
24,-3283.866949997288,4.091119766235352,True,CONVERGENCE: RELATIVE REDUCTION OF F <= FACTR*EPSMCH,120,"[-7.56156643  1.76516     3.7219273  -9.74394628 -0.91364076  6.50799022
 -4.09281949 -0.82903836 -1.15371746 -3.96145217  8.36883791  5.63588071
 -7.78823178  9.94069316  7.58400049 -4.32183124  6.73793159]","[-7.5605657   1.76497428  3.7219273  -9.594663   -0.91333617  6.50846884
 -4.09277598 -0.82873379 -2.99877265 -0.56626603  1.3880506  -0.01408573
  2.01572178  3.59112025  4.02223837  5.41304843  8.09751981]","[[-7.5605657  -2.99877265]
 [ 1.76497428 -0.56626603]
 [ 3.7219273   1.3880506 ]
 [-9.594663   -0.01408573]
 [-0.91333617  2.01572178]
 [ 6.50846884  3.59112025]
 [-4.09277598  4.02223837]
 [-0.82873379  5.41304843]]",[3.0420034e-04 9.9969580e-01]
19,-3287.1370156831326,3.8230650424957275,True,CONVERGENCE: RELATIVE REDUCTION OF F <= FACTR*EPSMCH,108,"[-2.29821008  2.79126542 -4.67073365 -7.19463178 -0.44245452 -1.66221263
 -5.34860119 -2.6497638  -2.672151   -3.45008871 -2.41071841  3.72486691
 -4.06247051  8.97715853  8.32696039 -0.38179143 -3.4327759 ]","[-2.29756306  2.79069223 -4.67073365 -7.09811395 -0.44271069 -1.66190319
 -5.34857306 -2.64956688 -3.69151245 -0.56862927  1.40091766 -0.01396582
  2.00446523  3.94598409  5.7372124   6.09455258 12.54145133]","[[-2.29756306 -3.69151245]
 [ 2.79069223 -0.56862927]
 [-4.67073365  1.40091766]
 [-7.09811395 -0.01396582]
 [-0.44271069  2.00446523]
 [-1.66190319  3.94598409]
 [-5.34857306  5.7372124 ]
 [-2.64956688  6.09455258]]",[3.57532347e-06 9.99996425e-01]
30,-52038.75044337715,3.644080877304077,False,ABNORMAL: ,1,"[-3.67571696  5.74864444  0.98288767 -1.3616361   2.52024962 -2.78685331
  0.25478489  4.73411377  7.72805773  8.42114395  0.0726585   0.41550229
  5.99740822 -3.71098617  6.74764725 -0.11716707 -7.68286551]","[-3.67571696  5.74864444  0.98288767 -1.3616361   2.52024962 -2.78685331
  0.25478489  4.73411377  7.72538839  8.4218778   0.07164105  0.02452337
  5.99496549 -3.71105139  6.74759465 -0.11968759 -7.67566189]","[[-3.67571696  7.72538839]
 [ 5.74864444  8.4218778 ]
 [ 0.98288767  0.07164105]
 [-1.3616361   0.02452337]
 [ 2.52024962  5.99496549]
 [-2.78685331 -3.71105139]
 [ 0.25478489  6.74759465]
 [ 4.73411377 -0.11968759]]",[9.99536232e-01 4.63768171e-04]
20,-1294520.763337422,3.2962262630462646,False,ABNORMAL: ,1,"[ 0.7086958   6.97120978  3.05174681  6.09783656  0.65444552  2.65835259
 -4.23688772  4.69786325 -5.95190814  3.89596258  7.21438137 -7.34794325
  2.28759481 -8.09808504  4.51431257 -8.31013562  8.71879645]","[ 0.66920012  6.9803206   3.03565255  0.32892422  0.61665963  2.65739942
 -4.23767075  4.66058561 -5.95065945  3.89449083  7.21438137 -7.15596837
  2.28673909 -8.09757631  4.51435881 -8.30981189  8.60504534]","[[ 0.66920012 -5.95065945]
 [ 6.9803206   3.89449083]
 [ 3.03565255  7.21438137]
 [ 0.32892422 -7.15596837]
 [ 0.61665963  2.28673909]
 [ 2.65739942 -8.09757631]
 [-4.23767075  4.51435881]
 [ 4.66058561 -8.30981189]]",[1.83145708e-04 9.99816854e-01]
